feature,psi
credit_score,0.00003
orig_ltv,0.00008
orig_cltv,0.00009
orig_dti,0.00006
orig_upb,0.00005
orig_interest_rate,0.00006
orig_loan_term,0.00001
mi_pct,0.00000
loan_purpose,0.00001
occupancy_status,0.00000
channel,0.00002
property_type,0.00002
num_units,0.00000
num_borrowers,0.00001
first_time_homebuyer,0.00001
property_state,0.00028
dq_bucket,0.00001
loan_age,0.00004
current_upb,0.00009
current_interest_rate,0.00004
remaining_months_to_maturity,0.00005
current_deferred_upb,0.00000
modification_flag,0.00000
upb_to_orig_upb,0.00002
rate_change_since_orig,0.00000
months_delinquent_last_3,0.00002
max_bucket_last_3,0.00002
mean_bucket_last_3,0.00001
months_delinquent_last_6,0.00004
max_bucket_last_6,0.00003
mean_bucket_last_6,0.00004
months_delinquent_last_12,0.00006
max_bucket_last_12,0.00004
mean_bucket_last_12,0.00007
months_observed_last_12,0.00000
n_cure_events_last_6,0.00003
n_roll_events_last_6,0.00005
n_cure_events_last_12,0.00002
n_roll_events_last_12,0.00005
bucket_lag_1,0.00003
bucket_lag_2,0.00001
bucket_lag_3,0.00000
months_since_last_current,0.00003
months_since_first_delinquency,0.00006
longest_delinquent_run_before_t,0.00006
times_entered_delinquency_before_t,0.00003
max_bucket_before_t,0.00003
ever_modified_before_t,0.00000
delinquency_velocity_3m,0.00002
upb_change_pct_3,0.00004
upb_change_pct_6,0.00006
upb_change_pct_12,0.00003
current_run_length,0.00003
unemployment_rate,0.00004
unemployment_rate_chg_3m,0.00005
unemployment_rate_chg_12m,0.00005
house_price_index_chg_3m,0.00005
house_price_index_chg_12m,0.00009
model_score,0.00002
