reporting_period,credit_score,orig_ltv,orig_cltv,orig_dti,orig_upb,orig_interest_rate,orig_loan_term,mi_pct,loan_purpose,occupancy_status,channel,property_type,num_units,num_borrowers,first_time_homebuyer,property_state,dq_bucket,loan_age,current_upb,current_interest_rate,remaining_months_to_maturity,current_deferred_upb,modification_flag,upb_to_orig_upb,rate_change_since_orig,months_delinquent_last_3,max_bucket_last_3,mean_bucket_last_3,months_delinquent_last_6,max_bucket_last_6,mean_bucket_last_6,months_delinquent_last_12,max_bucket_last_12,mean_bucket_last_12,months_observed_last_12,n_cure_events_last_6,n_roll_events_last_6,n_cure_events_last_12,n_roll_events_last_12,bucket_lag_1,bucket_lag_2,bucket_lag_3,months_since_last_current,months_since_first_delinquency,longest_delinquent_run_before_t,times_entered_delinquency_before_t,max_bucket_before_t,ever_modified_before_t,delinquency_velocity_3m,upb_change_pct_3,upb_change_pct_6,upb_change_pct_12,current_run_length,unemployment_rate,unemployment_rate_chg_3m,unemployment_rate_chg_12m,house_price_index_chg_3m,house_price_index_chg_12m,model_score
2018-01-01,0.06676,0.02020,0.01823,0.18199,0.02254,1.08830,0.00172,0.00339,0.03514,0.00225,0.46138,0.03247,0.00000,0.00741,0.02071,0.06805,0.00463,0.25608,0.01710,1.33763,0.37145,0.00000,0.13318,0.42760,0.08885,0.02757,0.02332,0.03465,0.03567,0.02476,0.02713,0.04077,0.01783,0.02911,0.01227,0.00506,0.02093,0.00200,0.01072,0.02671,0.03427,0.01756,0.04027,0.56863,0.14011,0.19079,0.12782,0.13457,0.00525,0.18397,0.23587,0.40756,0.03849,5.26956,2.26881,3.39070,4.04688,4.16206,0.09110
2018-02-01,0.08211,0.02469,0.02279,0.18730,0.02416,1.16112,0.00157,0.00531,0.04122,0.00267,0.47782,0.03234,0.00000,0.00883,0.01842,0.05239,0.00029,0.25121,0.02159,1.35765,0.35835,0.00000,0.10649,0.41842,0.06853,0.01733,0.00367,0.02736,0.02226,0.01617,0.01822,0.01925,0.01050,0.00914,0.00872,0.00554,0.01643,0.00399,0.00892,0.00648,0.02602,0.02120,0.03260,0.51245,0.10625,0.16063,0.09010,0.10816,0.02208,0.19936,0.26411,0.44284,0.03068,5.32640,2.47489,2.91137,4.02613,4.15443,0.17324
2018-03-01,0.06827,0.02793,0.02329,0.18782,0.02807,1.12272,0.00292,0.00364,0.04346,0.00169,0.47874,0.03335,0.00000,0.00467,0.01854,0.05587,0.00026,0.26053,0.01963,1.36855,0.37117,0.00000,0.12934,0.43140,0.08305,0.04724,0.02369,0.05906,0.05683,0.04228,0.06408,0.04082,0.03251,0.03966,0.01393,0.00311,0.02817,0.00184,0.01363,0.01870,0.04688,0.07934,0.05830,0.54925,0.17574,0.19050,0.14587,0.13153,0.08245,0.20725,0.25114,0.40601,0.05652,5.72745,2.38019,2.95285,3.07174,4.18456,0.12097
2018-04-01,0.06898,0.02417,0.01813,0.17010,0.03310,1.09225,0.00089,0.00166,0.03756,0.00155,0.47455,0.02790,0.00000,0.00660,0.01840,0.04600,0.00045,0.27823,0.02260,1.34473,0.38801,0.00000,0.14004,0.44210,0.08327,0.02550,0.01038,0.03723,0.05831,0.03147,0.06325,0.04953,0.02561,0.04880,0.02039,0.00387,0.01341,0.00409,0.01364,0.00251,0.03777,0.05451,0.05834,0.58693,0.18701,0.19797,0.14914,0.13975,0.06750,0.27320,0.31426,0.44097,0.05814,5.98686,2.33960,2.98567,3.08346,4.19725,0.15092
2018-05-01,0.06282,0.03062,0.02625,0.17649,0.02793,1.09692,0.00389,0.00259,0.03269,0.00216,0.47195,0.02714,0.00000,0.00835,0.01665,0.04068,0.00266,0.26252,0.02345,1.37260,0.40357,0.00000,0.16278,0.43220,0.09717,0.01551,0.00292,0.02010,0.04878,0.02085,0.05263,0.04693,0.01980,0.04409,0.02145,0.00283,0.00674,0.00261,0.00710,0.00027,0.00872,0.04427,0.04817,0.58215,0.19494,0.20742,0.15402,0.16043,0.06709,0.21965,0.29580,0.42495,0.04715,6.03039,2.21586,3.08608,3.11729,4.23396,0.14598
2018-06-01,0.06405,0.03286,0.02399,0.19007,0.03194,1.12151,0.00201,0.00418,0.03457,0.00028,0.49249,0.02267,0.00000,0.00732,0.01744,0.03167,0.00844,0.28009,0.01918,1.38492,0.37838,0.00000,0.15277,0.42197,0.08889,0.00579,0.00161,0.00641,0.02391,0.01010,0.03161,0.02840,0.01116,0.02750,0.02404,0.00858,0.00736,0.00660,0.00966,0.00447,0.00526,0.01066,0.03655,0.56915,0.17047,0.21992,0.13820,0.15069,0.03103,0.22022,0.34115,0.46592,0.03641,6.23912,2.14918,2.79901,3.31219,4.66220,0.16844
2018-07-01,0.06209,0.02906,0.02504,0.18168,0.02553,1.14363,0.00010,0.00206,0.03520,0.00204,0.51074,0.01520,0.00000,0.01017,0.02432,0.03571,0.00543,0.26491,0.01659,1.40489,0.37657,0.00000,0.15419,0.42279,0.08921,0.00151,0.00029,0.00292,0.01807,0.00821,0.02017,0.04094,0.01102,0.03397,0.02767,0.01200,0.00592,0.00743,0.01072,0.00063,0.00246,0.00601,0.02429,0.56493,0.18031,0.22675,0.13114,0.15247,0.02051,0.19956,0.33416,0.46624,0.02404,6.38977,1.78126,2.98417,3.31853,4.68859,0.16579
2018-08-01,0.05176,0.03448,0.02573,0.18312,0.02772,1.11222,0.00052,0.00218,0.02880,0.00139,0.48575,0.01384,0.00000,0.01109,0.02330,0.04110,0.00699,0.26065,0.01998,1.40334,0.37527,0.00000,0.16381,0.42530,0.09785,0.00639,0.00076,0.00328,0.01684,0.00788,0.01843,0.04883,0.01203,0.04050,0.03142,0.01010,0.00582,0.00767,0.01124,0.00074,0.00448,0.00920,0.02684,0.57947,0.19778,0.24385,0.15222,0.16510,0.02780,0.17949,0.29459,0.44044,0.02649,6.42203,2.28041,3.13545,3.30079,4.67463,0.16004
2018-09-01,0.07374,0.03105,0.02443,0.19481,0.03328,1.26530,0.00011,0.00291,0.04312,0.00387,0.56753,0.02550,0.00000,0.00836,0.02472,0.03486,0.02018,0.24404,0.01799,1.45986,0.32058,0.00000,0.10897,0.41666,0.06556,0.02199,0.02578,0.02227,0.02043,0.02590,0.02832,0.02530,0.01388,0.02101,0.01911,0.00387,0.03575,0.00435,0.01708,0.04200,0.01434,0.00283,0.05469,0.50312,0.11986,0.21751,0.08898,0.10887,0.02606,0.20224,0.33546,0.47900,0.05408,6.51671,1.99044,3.08154,3.74034,4.40846,0.26979
2018-10-01,0.06325,0.03825,0.02711,0.17567,0.03071,1.16661,0.00072,0.00684,0.03904,0.00097,0.50622,0.01767,0.00000,0.01046,0.02788,0.03399,0.00735,0.25780,0.02140,1.42775,0.36474,0.00000,0.15689,0.42624,0.09036,0.00377,0.00355,0.00259,0.00655,0.00279,0.00490,0.03173,0.00775,0.02512,0.02600,0.00182,0.00244,0.00645,0.00809,0.00484,0.00212,0.00718,0.02101,0.55386,0.17417,0.24389,0.13500,0.15826,0.02229,0.18397,0.27294,0.44150,0.02077,6.57929,3.44555,3.44300,3.73874,4.40527,0.15137
2018-11-01,0.08608,0.03562,0.02639,0.17963,0.03396,1.28026,0.00021,0.00428,0.04701,0.00079,0.55844,0.02711,0.00000,0.01894,0.02923,0.03413,0.00787,0.23582,0.02513,1.49521,0.34062,0.00000,0.11936,0.41190,0.06652,0.00363,0.00189,0.00236,0.01033,0.00427,0.00860,0.02443,0.00653,0.02202,0.01651,0.00050,0.00732,0.00182,0.00576,0.00542,0.00393,0.00067,0.01528,0.49007,0.13504,0.20984,0.10414,0.11920,0.01560,0.17512,0.25578,0.43335,0.01503,6.53860,2.76309,3.17067,3.74193,4.38468,0.18001
2018-12-01,0.08362,0.03281,0.02564,0.17391,0.03642,1.34381,0.00125,0.00462,0.04046,0.00083,0.59144,0.02980,0.00000,0.01395,0.03209,0.03242,0.00485,0.23113,0.02872,1.53070,0.30699,0.00000,0.10955,0.41106,0.05613,0.00984,0.00719,0.00840,0.01747,0.00951,0.01265,0.01977,0.00796,0.02051,0.01736,0.00023,0.01313,0.00137,0.01047,0.00983,0.00186,0.00363,0.02060,0.45003,0.12766,0.18530,0.08991,0.10901,0.01644,0.18480,0.26672,0.42579,0.02060,6.56720,3.65754,3.21309,3.12670,4.57547,0.19615
2019-01-01,0.07818,0.04290,0.03520,0.19095,0.03959,1.34507,0.00010,0.00535,0.04792,0.00081,0.61872,0.02893,0.00000,0.01491,0.03426,0.03084,0.00213,0.24197,0.02576,1.53114,0.30649,0.00000,0.11410,0.40911,0.05649,0.00190,0.00123,0.00103,0.00617,0.00140,0.00452,0.01235,0.00535,0.01260,0.01929,0.00367,0.00451,0.00869,0.00458,0.00007,0.00398,0.00757,0.00732,0.44138,0.13027,0.18850,0.09411,0.11491,0.01808,0.17951,0.27714,0.44520,0.00722,6.53297,2.84608,3.11975,3.16908,4.53868,0.15456
2019-02-01,0.09291,0.03561,0.02794,0.19185,0.04935,1.39594,0.00012,0.00171,0.04434,0.00105,0.65825,0.03476,0.00000,0.01040,0.03468,0.03267,0.01271,0.24775,0.02837,1.52646,0.28260,0.00000,0.08054,0.41924,0.03696,0.01554,0.01505,0.01744,0.01660,0.01591,0.01571,0.01608,0.01463,0.01603,0.01130,0.00170,0.01606,0.00123,0.01759,0.01440,0.00589,0.00399,0.02142,0.44125,0.10388,0.17635,0.07339,0.08086,0.01920,0.20029,0.31441,0.48291,0.02130,6.02057,3.39279,3.12638,3.15079,4.48848,0.23420
2019-03-01,0.08507,0.03122,0.02228,0.19448,0.05386,1.40711,0.00021,0.00149,0.04606,0.00297,0.67249,0.04676,0.00000,0.01379,0.03587,0.03981,0.01261,0.23302,0.02732,1.56818,0.27231,0.00000,0.09237,0.43264,0.04393,0.00276,0.00057,0.00234,0.00564,0.00239,0.00629,0.00611,0.00484,0.00470,0.02059,0.00300,0.00436,0.00413,0.00365,0.00176,0.00421,0.00665,0.01033,0.42208,0.10784,0.17069,0.06882,0.09267,0.03267,0.22334,0.31594,0.47172,0.01007,6.08451,2.96329,3.22055,3.73850,4.37866,0.19585
2019-04-01,0.08471,0.03543,0.02388,0.20947,0.04454,1.40916,0.00035,0.00149,0.04720,0.00134,0.66761,0.03552,0.00000,0.01805,0.02983,0.03560,0.01157,0.24019,0.02694,1.53554,0.29680,0.00000,0.08801,0.43826,0.03931,0.01420,0.00210,0.01526,0.02175,0.00576,0.01922,0.02374,0.00421,0.01833,0.01473,0.00503,0.00802,0.00360,0.00609,0.00292,0.00880,0.01430,0.02153,0.43389,0.12195,0.17183,0.07373,0.08913,0.04169,0.21828,0.31804,0.48072,0.02151,6.23539,2.23618,3.32211,3.73562,4.39124,0.16943
2019-05-01,0.19535,0.03632,0.02152,0.15520,0.03035,1.64817,0.00465,0.00290,0.04997,0.00015,0.72860,0.02080,0.00000,0.00723,0.02607,0.07104,0.02809,0.21699,0.01757,1.70071,0.25699,0.00000,0.04213,0.46740,0.01637,0.06525,0.05843,0.06498,0.09047,0.07322,0.08418,0.09932,0.08423,0.09366,0.00439,0.00715,0.06684,0.01237,0.08193,0.05083,0.02575,0.00402,0.07302,0.46712,0.17936,0.22093,0.12627,0.04339,0.02449,0.32551,0.43512,0.53698,0.07286,6.36928,2.21867,3.24296,3.83236,4.42696,0.29088
2019-06-01,0.18026,0.03427,0.02348,0.16886,0.06927,1.70174,0.00000,0.00237,0.05454,0.00074,0.80336,0.03408,0.00000,0.01079,0.04062,0.04820,0.02311,0.21215,0.03980,1.72452,0.21415,0.00000,0.03542,0.39854,0.01147,0.06003,0.06141,0.06190,0.05545,0.05661,0.05904,0.05073,0.05675,0.05199,0.00408,0.00063,0.04575,0.00469,0.04733,0.07325,0.03978,0.01163,0.08447,0.38283,0.11699,0.17526,0.08224,0.03954,0.02439,0.27553,0.41872,0.51048,0.08352,6.74186,2.18287,3.32932,4.69526,5.07286,0.32692
2019-07-01,0.12010,0.03135,0.01941,0.18255,0.05102,1.43946,0.00058,0.00122,0.04191,0.00038,0.62916,0.02887,0.00000,0.01776,0.03232,0.02969,0.01697,0.23231,0.02230,1.66533,0.30819,0.00000,0.14336,0.44548,0.06042,0.00739,0.00886,0.00804,0.01613,0.00995,0.01322,0.02807,0.01449,0.02138,0.01584,0.00271,0.01658,0.00487,0.02245,0.00398,0.00953,0.00587,0.01750,0.43494,0.13164,0.14922,0.09914,0.14304,0.02407,0.21858,0.32065,0.43016,0.01758,6.74073,2.18289,3.02277,4.68802,5.06496,0.19254
2019-08-01,0.11328,0.03388,0.01833,0.18342,0.05346,1.55746,0.00122,0.00340,0.04647,0.00194,0.74449,0.03809,0.00000,0.02007,0.05266,0.03737,0.01282,0.23807,0.02894,1.59756,0.21227,0.00000,0.06217,0.38678,0.01943,0.00274,0.00267,0.00379,0.00818,0.00476,0.00622,0.01453,0.00424,0.00822,0.01078,0.00422,0.00602,0.00529,0.00571,0.00923,0.00380,0.00275,0.01930,0.35168,0.08590,0.15079,0.05115,0.06316,0.01730,0.07855,0.32348,0.44285,0.01731,6.75509,2.27152,3.11092,4.74014,5.09585,0.16023
2019-09-01,0.13308,0.04973,0.03127,0.21974,0.05767,1.66666,0.00093,0.00818,0.06909,0.00208,0.82275,0.03931,0.00000,0.01981,0.07008,0.03665,0.01426,0.23061,0.03461,1.65314,0.21409,0.00000,0.04652,0.37701,0.01364,0.00420,0.00506,0.00360,0.00892,0.00809,0.00866,0.01949,0.00471,0.00944,0.00485,0.00153,0.01423,0.00118,0.00958,0.01162,0.00240,0.00209,0.01963,0.33018,0.08174,0.14396,0.04341,0.04597,0.02399,0.11511,0.33453,0.45845,0.01933,6.61286,2.21634,3.21801,5.28734,5.21497,0.18789
2019-10-01,0.12030,0.04752,0.03000,0.20348,0.05253,1.58815,0.00306,0.00739,0.07130,0.00033,0.79808,0.03918,0.00000,0.02668,0.06820,0.04704,0.01177,0.26067,0.03242,1.57173,0.22466,0.00000,0.04711,0.39727,0.00949,0.00540,0.00400,0.00235,0.00817,0.00362,0.01076,0.01554,0.00343,0.01082,0.00627,0.00008,0.00414,0.00135,0.00298,0.00389,0.00062,0.00228,0.01336,0.33820,0.07897,0.13755,0.03510,0.04573,0.01571,0.09033,0.33038,0.45765,0.01241,6.63605,1.92643,3.51121,5.31882,5.21843,0.16604
2019-11-01,0.12053,0.04947,0.03241,0.22058,0.05957,1.67583,0.00104,0.00684,0.06851,0.00188,0.83831,0.03945,0.00000,0.01923,0.06671,0.04132,0.01087,0.24543,0.03790,1.64704,0.20735,0.00000,0.03934,0.40906,0.00700,0.01427,0.01702,0.01464,0.01034,0.01315,0.01507,0.01163,0.01047,0.00857,0.00981,0.00004,0.00893,0.00158,0.00794,0.01746,0.00441,0.00225,0.01931,0.31881,0.05791,0.13463,0.03239,0.03724,0.01261,0.08972,0.21809,0.46678,0.01931,6.64024,2.01465,3.62372,5.32657,5.21928,0.17291
2019-12-01,0.14268,0.05597,0.03355,0.21831,0.06627,1.75456,0.00172,0.01351,0.08172,0.00206,0.90753,0.04337,0.00000,0.02181,0.08241,0.04905,0.01170,0.21222,0.04287,1.72048,0.18462,0.00000,0.03146,0.35229,0.00515,0.01166,0.01218,0.01072,0.01166,0.01125,0.01171,0.01415,0.01189,0.01317,0.00315,0.00011,0.01094,0.00013,0.01114,0.00986,0.00648,0.00108,0.01164,0.28930,0.05624,0.12274,0.02774,0.03144,0.01181,0.08170,0.21720,0.43732,0.00960,6.63633,1.94846,3.60350,5.39829,5.31816,0.15160
2020-01-01,0.10694,0.05271,0.03115,0.22749,0.05483,1.69903,0.00018,0.01221,0.07721,0.00141,0.86046,0.03053,0.00000,0.02692,0.07887,0.05113,0.00549,0.23233,0.04005,1.66365,0.20734,0.00000,0.03962,0.37998,0.00848,0.00639,0.00133,0.00424,0.00777,0.00188,0.00656,0.01194,0.00169,0.00640,0.01068,0.00036,0.00152,0.00104,0.00149,0.00281,0.00385,0.00229,0.00775,0.28752,0.06152,0.12040,0.02624,0.04008,0.01526,0.08693,0.20718,0.41867,0.00585,6.69191,2.15501,3.97308,5.43949,5.36526,0.14126
2020-02-01,0.14387,0.05318,0.03529,0.20416,0.05865,1.78317,0.00123,0.01019,0.08328,0.00245,0.91345,0.03694,0.00000,0.01700,0.08246,0.04726,0.01473,0.23490,0.04073,1.72471,0.19005,0.00000,0.03558,0.38758,0.00543,0.00945,0.00570,0.00714,0.01486,0.01087,0.01392,0.01749,0.01014,0.01172,0.01445,0.00129,0.01404,0.00067,0.01393,0.01729,0.00184,0.00444,0.03327,0.27110,0.05783,0.10871,0.02691,0.03581,0.03159,0.11003,0.22513,0.43257,0.03226,6.65639,2.16791,3.41513,5.37542,5.32936,0.18386
2020-03-01,0.15902,0.04405,0.02816,0.19825,0.09807,1.82834,0.00303,0.01136,0.07696,0.00299,0.98876,0.04568,0.00000,0.02483,0.07433,0.04735,0.03005,0.20959,0.05955,1.80523,0.17164,0.00000,0.03216,0.34532,0.00638,0.04973,0.04813,0.04842,0.04368,0.04260,0.04423,0.03585,0.03427,0.03495,0.01355,0.00105,0.03810,0.00069,0.03617,0.04861,0.02089,0.00337,0.06198,0.29492,0.06531,0.12078,0.04066,0.03323,0.04590,0.09869,0.21622,0.43112,0.05983,6.61222,2.34806,3.08597,4.19488,6.40322,0.21799
2020-04-01,0.54011,0.04877,0.03905,0.30569,0.38216,2.82998,0.00201,0.01024,0.12215,0.03483,1.58908,0.12913,0.00000,0.00876,0.09065,0.13937,0.18958,0.05826,0.26678,2.59799,0.03586,0.00000,0.01050,0.18152,0.01404,1.01010,0.98759,1.01170,1.11048,1.08677,1.11495,1.16727,1.14052,1.17558,0.00235,0.25358,0.84581,0.41074,1.05109,0.75786,0.66085,0.50658,0.78134,1.08818,1.00559,0.95590,0.96565,0.00933,0.47041,0.10385,0.30677,0.53809,0.77888,6.46159,4.35030,3.51651,4.28377,6.38731,0.67609
2020-05-01,0.67438,0.04842,0.04136,0.30619,0.42818,3.10304,0.00098,0.01095,0.13693,0.04191,1.76489,0.16418,0.00000,0.00811,0.10382,0.13497,0.19270,0.04497,0.29924,2.81700,0.02655,0.00000,0.02750,0.16615,0.02822,0.81010,0.25876,0.81594,1.00612,0.34861,0.98776,1.12839,0.44894,1.07624,0.00599,0.36097,0.29828,0.56854,0.61258,0.16793,0.74051,0.65706,0.78882,1.22233,0.94227,0.52273,0.48159,0.02537,0.82826,0.19180,0.11586,0.37822,0.78680,3.77086,3.15396,3.27061,4.28833,6.40347,0.25946
2020-06-01,0.69918,0.05192,0.04303,0.31353,0.43306,3.17583,0.00094,0.01224,0.13763,0.03952,1.77737,0.16829,0.00000,0.00945,0.10915,0.13434,0.76212,0.04192,0.30475,2.84735,0.02416,0.00000,0.03605,0.16030,0.03734,0.73878,0.19160,0.55635,1.02081,0.29634,0.95247,1.16993,0.30402,0.85159,0.00416,0.38451,0.29091,0.61752,0.40639,0.36286,0.20003,0.67539,1.05795,1.09484,0.73327,0.68299,0.28748,0.03461,1.51953,0.87556,0.02985,0.24065,1.05692,5.87054,7.51733,7.53856,4.01258,5.87232,0.82138
2020-07-01,0.63511,0.05027,0.03668,0.27184,0.33274,3.00668,0.00013,0.01194,0.12727,0.02629,1.63943,0.14753,0.00000,0.01282,0.11764,0.09448,0.52209,0.06370,0.22248,2.68942,0.03950,0.00000,0.02480,0.18817,0.02792,0.24536,0.30871,0.22973,0.62595,0.24871,0.48206,0.78715,0.21226,0.48357,0.00457,0.26383,0.25148,0.46559,0.25790,0.43196,0.08664,0.13838,0.60826,0.98210,0.63513,0.55478,0.23224,0.02485,0.88269,0.50024,0.02612,0.23166,0.60700,4.56324,7.68674,7.79584,4.01943,5.89067,0.44428
2020-08-01,0.51627,0.04733,0.03241,0.24717,0.22740,2.76230,0.00025,0.01070,0.10553,0.01932,1.50358,0.11189,0.00000,0.01749,0.09796,0.06980,0.20037,0.08980,0.14441,2.48439,0.04943,0.00000,0.01046,0.22004,0.01532,0.02022,0.13915,0.10364,0.21516,0.10191,0.07631,0.27440,0.06814,0.12728,0.00013,0.09717,0.10465,0.22829,0.07445,0.16541,0.06420,0.02171,0.24283,0.64394,0.27479,0.30600,0.09541,0.00961,0.19428,0.11392,0.04117,0.25463,0.24105,2.70993,7.95650,7.16914,3.99853,5.86599,0.08992
2020-09-01,0.48072,0.03995,0.02761,0.23866,0.17548,2.63994,0.00045,0.01172,0.10024,0.01184,1.42594,0.09576,0.00000,0.02614,0.08999,0.06099,0.12037,0.12042,0.10507,2.36570,0.06324,0.00000,0.00915,0.24392,0.01454,0.00509,0.08190,0.08558,0.08347,0.07552,0.03354,0.19177,0.04274,0.03977,0.00022,0.05098,0.10522,0.13278,0.01909,0.08576,0.05819,0.08254,0.05073,0.32312,0.12402,0.18798,0.05144,0.00819,0.10478,0.13623,0.05524,0.26747,0.04886,1.80855,7.86278,7.12084,4.56459,5.57856,0.03788
2020-10-01,0.42443,0.04828,0.03473,0.23174,0.14823,2.51043,0.00093,0.01369,0.10779,0.00837,1.35193,0.08776,0.00000,0.02655,0.10348,0.05446,0.07338,0.14141,0.08731,2.26159,0.06692,0.00000,0.00261,0.25543,0.00854,0.00895,0.07935,0.07336,0.01531,0.08883,0.07149,0.13683,0.05790,0.02611,0.00250,0.02801,0.12159,0.08733,0.00922,0.06655,0.03476,0.08096,0.06933,0.31612,0.11335,0.14173,0.03847,0.00315,0.10616,0.14618,0.08899,0.25302,0.06744,0.68326,8.88051,6.70583,4.54569,5.60447,0.06119
2020-11-01,0.43500,0.04492,0.03086,0.22028,0.13782,2.57414,0.00018,0.01246,0.10145,0.00744,1.38029,0.08680,0.00000,0.02198,0.10789,0.05281,0.03953,0.14312,0.08269,2.28384,0.06878,0.00000,0.00630,0.26497,0.01241,0.00549,0.05019,0.05317,0.01021,0.09622,0.09025,0.08204,0.06167,0.01678,0.00347,0.01707,0.07680,0.05816,0.01472,0.03482,0.02687,0.06878,0.04474,0.30571,0.05627,0.12173,0.03016,0.00460,0.09385,0.15128,0.15836,0.29878,0.04354,0.77552,7.26278,5.96762,4.51085,5.54838,0.05570
2020-12-01,0.39219,0.04089,0.03301,0.23595,0.12796,2.56497,0.00012,0.01321,0.10168,0.00381,1.36501,0.07714,0.00000,0.02566,0.09410,0.04778,0.03453,0.15129,0.07778,2.29380,0.07352,0.00000,0.00497,0.27514,0.01135,0.00618,0.05706,0.05737,0.01701,0.13427,0.11820,0.09217,0.09490,0.03933,0.00330,0.01525,0.03467,0.04984,0.03248,0.03674,0.02986,0.07077,0.03274,0.26306,0.06403,0.09284,0.04938,0.00288,0.10468,0.14636,0.17671,0.32920,0.03160,1.04291,7.81002,5.68632,4.85259,5.22368,0.06042
2021-01-01,0.36696,0.05387,0.03957,0.23756,0.12635,2.51075,0.00112,0.01848,0.11052,0.00712,1.34463,0.07833,0.00000,0.03489,0.10634,0.06350,0.03257,0.17599,0.07231,2.25322,0.07538,0.00000,0.00297,0.27886,0.01191,0.00759,0.03640,0.04598,0.01289,0.09766,0.09450,0.03691,0.07526,0.04428,0.00509,0.00807,0.00633,0.03153,0.03080,0.02593,0.02069,0.05739,0.03171,0.25602,0.01647,0.07480,0.03944,0.00325,0.08620,0.15273,0.15145,0.32870,0.03072,1.44749,6.61346,5.60318,4.91841,5.23898,0.02867
2021-02-01,0.35708,0.04537,0.03472,0.22928,0.11589,2.49080,0.00065,0.01221,0.10295,0.00494,1.34340,0.08036,0.00000,0.03175,0.10237,0.05636,0.01199,0.18145,0.06709,2.23116,0.07405,0.00000,0.00357,0.28581,0.01075,0.03176,0.03847,0.04247,0.03227,0.08760,0.08378,0.04969,0.06425,0.06012,0.00276,0.00922,0.01481,0.02529,0.04032,0.02818,0.02874,0.05253,0.03466,0.16777,0.02469,0.05902,0.03037,0.00323,0.04427,0.11790,0.17535,0.34745,0.03256,1.50597,6.60432,5.09268,4.92724,5.24160,0.04291
2021-03-01,0.35542,0.05806,0.04363,0.25537,0.12464,2.48602,0.00092,0.01642,0.09617,0.01087,1.29854,0.07913,0.00000,0.04289,0.08951,0.06138,0.04542,0.18443,0.07899,2.24549,0.08601,0.00000,0.00036,0.30865,0.00708,0.00744,0.05571,0.04491,0.01834,0.11764,0.11236,0.02216,0.10309,0.08746,0.00548,0.01961,0.00675,0.04251,0.05999,0.06873,0.01521,0.06316,0.04973,0.21544,0.02040,0.06280,0.06498,0.00110,0.10864,0.14437,0.19950,0.32110,0.04791,1.61582,4.08544,5.03333,5.58715,5.99838,0.02448
2021-04-01,0.36345,0.04811,0.03842,0.24122,0.12602,2.56483,0.00126,0.00898,0.08800,0.00892,1.32083,0.07057,0.00000,0.03849,0.08088,0.05813,0.01665,0.19413,0.06883,2.29373,0.09251,0.00000,0.00154,0.34764,0.01404,0.00630,0.05541,0.05079,0.01488,0.12522,0.10359,0.02832,0.13447,0.10811,0.01400,0.00283,0.01813,0.01848,0.07593,0.03918,0.04098,0.05110,0.04192,0.19128,0.02552,0.04740,0.07933,0.00250,0.08360,0.17499,0.23001,0.44116,0.03993,1.87612,3.15340,4.67460,5.59425,6.02761,0.03668
2021-05-01,0.32289,0.04495,0.03521,0.23085,0.12380,2.52760,0.00104,0.00332,0.08504,0.00830,1.34731,0.05858,0.00000,0.03254,0.08469,0.07310,0.00046,0.22173,0.06437,2.28161,0.10350,0.00000,0.00053,0.36569,0.01012,0.02176,0.02894,0.04525,0.01312,0.08862,0.07723,0.02215,0.10739,0.09714,0.01293,0.00205,0.03064,0.00209,0.03762,0.05394,0.05222,0.03805,0.07969,0.20521,0.01431,0.03308,0.07599,0.00142,0.06572,0.20950,0.27378,0.52008,0.07754,2.39941,3.65551,3.50430,5.63888,5.99282,0.07446
2021-06-01,0.30204,0.03832,0.03290,0.24836,0.09094,2.43853,0.00058,0.00327,0.06631,0.00403,1.25672,0.05476,0.00000,0.03851,0.07221,0.05879,0.00015,0.25822,0.04505,2.18030,0.13298,0.00000,0.00273,0.42257,0.01145,0.02972,0.02599,0.04368,0.01208,0.08839,0.08197,0.02161,0.11207,0.10048,0.01917,0.00107,0.02517,0.00284,0.02116,0.01498,0.03381,0.07051,0.08349,0.18707,0.02823,0.03206,0.07633,0.00177,0.04916,0.17575,0.30573,0.54924,0.08143,2.39682,2.65958,7.07672,5.72874,5.54942,0.11434
2021-07-01,0.31821,0.04324,0.03675,0.24264,0.08461,2.50256,0.00042,0.00242,0.07683,0.00810,1.31063,0.05421,0.00000,0.04356,0.09008,0.05226,0.00008,0.25740,0.05070,2.19654,0.13487,0.00000,0.00278,0.41139,0.01463,0.02969,0.02204,0.04094,0.01824,0.08645,0.07230,0.02893,0.09600,0.08796,0.00970,0.00111,0.02995,0.00439,0.01496,0.01938,0.01046,0.05343,0.07352,0.17397,0.02622,0.02451,0.06645,0.00197,0.03751,0.13410,0.32407,0.53908,0.07144,2.31597,3.69557,7.86042,5.84164,5.67297,0.13822
2021-08-01,0.31836,0.05395,0.04122,0.20552,0.08862,2.44555,0.00145,0.00512,0.09783,0.00562,1.26242,0.06687,0.00000,0.04318,0.09509,0.04832,0.00004,0.27070,0.06109,2.17619,0.14857,0.00000,0.00080,0.40933,0.01083,0.02393,0.02551,0.02746,0.01728,0.07892,0.05259,0.02922,0.09560,0.09241,0.00441,0.00055,0.02722,0.00340,0.02613,0.02116,0.01602,0.02084,0.05781,0.19933,0.03022,0.02850,0.07178,0.00091,0.03394,0.14142,0.34612,0.53671,0.05571,2.45760,3.30929,7.39558,5.78946,5.62110,0.16316
2021-09-01,0.32361,0.04539,0.03247,0.20671,0.08765,2.53591,0.00023,0.00619,0.08988,0.00522,1.35789,0.05109,0.00000,0.05765,0.09135,0.07029,0.00027,0.24427,0.06611,2.23732,0.13254,0.00000,0.00091,0.34891,0.01410,0.04531,0.02915,0.04166,0.04027,0.06698,0.05754,0.03178,0.09409,0.09059,0.00079,0.00241,0.03932,0.00369,0.04102,0.03183,0.03320,0.02934,0.06317,0.19964,0.04381,0.04233,0.08421,0.00092,0.02836,0.13682,0.24069,0.51775,0.06101,2.68485,4.82059,6.89299,8.19687,7.51926,0.19741
2021-10-01,0.30493,0.04396,0.03084,0.21542,0.08538,2.46942,0.00050,0.00979,0.09100,0.00526,1.36276,0.04654,0.00000,0.04641,0.10560,0.05898,0.00084,0.27992,0.05900,2.20807,0.13325,0.00000,0.00440,0.39132,0.01424,0.07632,0.04286,0.06057,0.06621,0.06856,0.07417,0.03844,0.08152,0.09177,0.00264,0.00017,0.03895,0.00106,0.05665,0.05304,0.05619,0.04073,0.08380,0.20437,0.03859,0.04667,0.07756,0.00164,0.02902,0.10139,0.23476,0.52014,0.08158,3.49562,4.99523,5.86862,8.19137,7.51360,0.19638
2021-11-01,0.31492,0.04762,0.03833,0.23347,0.07737,2.57879,0.00026,0.00515,0.07560,0.00636,1.33317,0.05419,0.00000,0.05506,0.09596,0.07038,0.00018,0.27819,0.05518,2.27553,0.14693,0.00000,0.00113,0.39908,0.01603,0.06042,0.03811,0.04621,0.04314,0.07192,0.06479,0.03252,0.09249,0.09312,0.00295,0.00139,0.03322,0.00214,0.05271,0.03432,0.03717,0.05059,0.06251,0.19437,0.03764,0.03861,0.10088,0.00163,0.04417,0.13811,0.26866,0.57053,0.06033,3.60993,7.29110,6.24360,8.19692,7.50765,0.20490
2021-12-01,0.38200,0.05235,0.03896,0.20938,0.08133,2.54684,0.00014,0.00622,0.07104,0.00442,1.27870,0.04663,0.00000,0.04826,0.08461,0.06886,0.00289,0.28988,0.06189,2.27597,0.16491,0.00000,0.00041,0.42166,0.01616,0.07359,0.05203,0.06665,0.06150,0.08959,0.08077,0.04819,0.11172,0.10233,0.00140,0.00556,0.05268,0.00721,0.07119,0.04454,0.04117,0.07068,0.07185,0.23364,0.06256,0.05678,0.11719,0.00092,0.05612,0.13278,0.32450,0.58876,0.06966,4.39559,7.73023,5.78944,8.19864,8.20601,0.19737
