feature,max_psi,peak_month
unemployment_rate_chg_3m,8.94801,2020-10-01
max_bucket_before_t,8.41769,2020-01-01
house_price_index_chg_12m,8.26728,2021-12-01
house_price_index_chg_3m,8.25988,2021-12-01
unemployment_rate_chg_12m,8.10960,2021-07-01
max_bucket_last_12,8.07959,2020-01-01
times_entered_delinquency_before_t,8.02505,2020-01-01
longest_delinquent_run_before_t,7.77701,2020-01-01
max_bucket_last_6,7.63373,2020-01-01
months_since_first_delinquency,7.53855,2020-01-01
unemployment_rate,7.40263,2020-01-01
n_roll_events_last_12,7.33232,2020-01-01
months_delinquent_last_12,7.22435,2020-01-01
mean_bucket_last_12,7.21858,2020-01-01
max_bucket_last_3,7.21704,2020-01-01
