reporting_period,split,n,roll_rate,mean_pred,gap,gap_raw,ece,auc,abs_gap,score_psi,median_feature_psi,features_psi_above_hi,features_psi_above_lo
2018-01-01,test,411,0.19708,0.20615,0.00907,-0.02895,0.02631,0.59779,0.00907,2.56532,2.75358,41,49
2018-02-01,test,728,0.14698,0.23712,0.09014,0.05504,0.09334,0.70033,0.09014,1.36584,2.37948,40,49
2018-03-01,test,605,0.25289,0.27669,0.02379,-0.00805,0.05205,0.78139,0.02379,0.93948,1.20142,38,48
2018-04-01,test,666,0.24775,0.27871,0.03096,-0.00045,0.05099,0.75061,0.03096,0.97262,0.73844,39,47
2018-05-01,test,725,0.27310,0.28094,0.00784,-0.02431,0.03063,0.74169,0.00784,0.84746,0.61681,39,47
2018-06-01,test,813,0.25092,0.28578,0.03486,0.00323,0.04610,0.72825,0.03486,0.78225,0.49451,39,45
2018-07-01,test,838,0.25060,0.28519,0.03459,0.00300,0.03554,0.72624,0.03459,0.76663,0.50037,38,47
2018-08-01,test,827,0.28900,0.29244,0.00344,-0.02835,0.02902,0.71472,0.00344,0.63816,0.43433,36,48
2018-09-01,test,1241,0.23449,0.27641,0.04193,0.00874,0.05670,0.74889,0.04193,0.80428,0.54153,38,45
2018-10-01,test,1037,0.30665,0.30517,-0.00148,-0.03206,0.03658,0.74982,0.00148,0.55532,0.38122,34,46
2018-11-01,test,1211,0.29067,0.29521,0.00454,-0.02685,0.02511,0.71118,0.00454,0.58891,0.39124,35,46
2018-12-01,test,1394,0.27834,0.29813,0.01979,-0.01177,0.02414,0.70268,0.01979,0.56180,0.37533,35,45
2019-01-01,test,1275,0.27373,0.31892,0.04519,0.01548,0.04875,0.72030,0.04519,0.40860,0.23207,28,44
2019-02-01,test,1503,0.22023,0.29230,0.07207,0.04022,0.07368,0.73274,0.07207,0.61863,0.34213,34,46
2019-03-01,test,1365,0.22491,0.30492,0.08001,0.04855,0.08001,0.72594,0.08001,0.45903,0.23509,27,43
2019-04-01,test,1342,0.25931,0.31174,0.05243,0.02204,0.05561,0.74999,0.05243,0.43006,0.18425,22,42
2019-05-01,test,1976,0.23330,0.27900,0.04570,0.01260,0.05034,0.69526,0.04570,0.74023,0.38556,38,44
2019-06-01,test,2206,0.19946,0.28692,0.08746,0.05535,0.08746,0.73831,0.08746,0.66893,0.34536,37,44
2019-07-01,test,1606,0.27273,0.31531,0.04258,0.01209,0.04262,0.69138,0.04258,0.40624,0.15705,21,41
2019-08-01,test,1627,0.28826,0.32152,0.03326,0.00290,0.03507,0.70300,0.03326,0.32304,0.15325,19,40
2019-09-01,test,1799,0.26626,0.31575,0.04949,0.01915,0.04966,0.71822,0.04949,0.36856,0.16941,19,43
2019-10-01,test,1726,0.31924,0.32111,0.00188,-0.02846,0.02648,0.70354,0.00188,0.34125,0.15964,18,39
2019-11-01,test,2009,0.28273,0.32376,0.04103,0.01119,0.04600,0.73878,0.04103,0.33412,0.17285,19,41
2019-12-01,test,2131,0.25716,0.32732,0.07017,0.04095,0.07182,0.72146,0.07017,0.30688,0.16977,17,43
2020-01-01,drift_study,468,0.16453,0.20812,0.04359,0.00513,0.05257,0.57409,0.04359,2.90947,2.93873,41,49
2020-02-01,drift_study,726,0.22865,0.23953,0.01088,-0.02512,0.02301,0.63649,0.01088,1.55025,2.26906,38,49
2020-03-01,drift_study,1022,0.41096,0.25921,-0.15175,-0.18650,0.15847,0.63208,0.15175,1.17543,1.21430,41,49
2020-04-01,drift_study,7665,0.76999,0.24198,-0.52801,-0.56522,0.52801,0.51451,0.52801,1.40831,1.89473,41,46
2020-05-01,drift_study,10967,0.75727,0.45271,-0.30456,-0.31789,0.30516,0.61125,0.30456,0.44156,1.08094,40,46
2020-06-01,drift_study,10595,0.67787,0.62871,-0.04916,-0.04459,0.12170,0.60686,0.04916,1.10035,0.75594,40,45
2020-07-01,drift_study,6204,0.64877,0.58744,-0.06133,-0.06142,0.06967,0.69776,0.06133,0.75461,0.56331,40,44
2020-08-01,drift_study,3919,0.56290,0.49119,-0.07171,-0.08279,0.07652,0.67505,0.07171,0.21822,0.32619,31,42
2020-09-01,drift_study,3196,0.52159,0.45504,-0.06655,-0.08154,0.07085,0.71127,0.06655,0.11501,0.19719,26,40
2020-10-01,drift_study,2742,0.52225,0.44410,-0.07815,-0.09425,0.07815,0.71843,0.07815,0.14303,0.18104,24,40
2020-11-01,drift_study,2718,0.45732,0.41712,-0.04020,-0.05907,0.05463,0.72655,0.04020,0.11381,0.16612,22,38
2020-12-01,drift_study,2444,0.46440,0.40711,-0.05729,-0.07711,0.06725,0.71375,0.05729,0.10492,0.16565,24,39
2021-01-01,drift_study,2216,0.47924,0.42432,-0.05492,-0.07319,0.06929,0.71476,0.05492,0.07465,0.16131,22,35
2021-02-01,drift_study,2350,0.37021,0.40990,0.03968,0.01985,0.07193,0.76817,0.03968,0.09811,0.16161,20,39
2021-03-01,drift_study,1612,0.46216,0.44379,-0.01837,-0.03440,0.04026,0.73728,0.01837,0.08124,0.13407,19,33
2021-04-01,drift_study,1490,0.41275,0.41870,0.00595,-0.01269,0.03653,0.75521,0.00595,0.08561,0.13363,18,37
2021-05-01,drift_study,1541,0.36989,0.38812,0.01823,-0.00348,0.03494,0.76352,0.01823,0.12778,0.14340,18,40
2021-06-01,drift_study,1422,0.38256,0.37477,-0.00779,-0.03088,0.02299,0.73186,0.00779,0.17094,0.13306,17,39
2021-07-01,drift_study,1341,0.38031,0.36636,-0.01395,-0.03725,0.03480,0.75367,0.01395,0.22190,0.15440,17,42
2021-08-01,drift_study,1277,0.40642,0.35498,-0.05145,-0.07566,0.05500,0.76502,0.05145,0.27709,0.16713,18,43
2021-09-01,drift_study,1351,0.36640,0.34040,-0.02600,-0.05050,0.03975,0.74431,0.02600,0.37358,0.20949,21,44
2021-10-01,drift_study,1441,0.35253,0.34692,-0.00561,-0.03043,0.03975,0.79717,0.00561,0.31278,0.21839,25,45
2021-11-01,drift_study,1432,0.35056,0.34674,-0.00382,-0.02753,0.03212,0.76172,0.00382,0.40753,0.21516,24,43
2021-12-01,drift_study,1405,0.35730,0.33686,-0.02044,-0.04558,0.04145,0.72582,0.02044,0.39808,0.26350,31,42
