reporting_period,split,n,roll_rate,mean_pred,gap,gap_raw,ece,auc,first_episode_share,abs_gap,score_psi,median_feature_psi,features_psi_above_hi,features_psi_above_lo
2018-01-01,test,4667,0.30576,0.37056,0.06480,0.03943,0.06485,0.69920,0.08807,0.06480,0.09110,0.03489,13,21
2018-02-01,test,4780,0.26276,0.35160,0.08884,0.06166,0.08924,0.71565,0.12510,0.08884,0.17324,0.02669,14,20
2018-03-01,test,4027,0.32282,0.36705,0.04423,0.01836,0.04800,0.72676,0.09784,0.04423,0.12097,0.05668,14,21
2018-04-01,test,3913,0.31715,0.35733,0.04018,0.01335,0.04249,0.72305,0.10785,0.04018,0.15092,0.05202,15,21
2018-05-01,test,3841,0.32986,0.35398,0.02412,-0.00331,0.02947,0.73226,0.11169,0.02412,0.14598,0.04560,14,21
2018-06-01,test,4023,0.31419,0.34821,0.03402,0.00630,0.03626,0.72856,0.11012,0.03402,0.16844,0.03164,14,21
2018-07-01,test,3874,0.31828,0.34835,0.03007,0.00238,0.03456,0.72037,0.11125,0.03007,0.16579,0.02660,14,21
2018-08-01,test,3698,0.36993,0.35058,-0.01934,-0.04706,0.02381,0.72613,0.10627,0.01934,0.16004,0.02830,14,21
2018-09-01,test,4626,0.29356,0.32878,0.03523,0.00550,0.04002,0.74191,0.14505,0.03523,0.26979,0.03407,13,20
2018-10-01,test,4091,0.35224,0.35013,-0.00211,-0.02987,0.03154,0.73464,0.10315,0.00211,0.15137,0.02749,14,21
2018-11-01,test,4217,0.34005,0.34543,0.00538,-0.02277,0.02290,0.72260,0.13042,0.00538,0.18001,0.02675,13,21
2018-12-01,test,4398,0.31469,0.34228,0.02759,-0.00077,0.03491,0.73017,0.14325,0.02759,0.19615,0.02926,13,20
2019-01-01,test,4217,0.30994,0.34998,0.04004,0.01222,0.04118,0.72430,0.10766,0.04004,0.15456,0.02989,13,20
2019-02-01,test,4490,0.26503,0.33517,0.07013,0.04115,0.07150,0.74586,0.14722,0.07013,0.23420,0.03052,13,18
2019-03-01,test,4074,0.28400,0.34512,0.06112,0.03310,0.06112,0.74568,0.11929,0.06112,0.19585,0.03195,13,18
2019-04-01,test,3842,0.30713,0.35100,0.04387,0.01646,0.04403,0.73324,0.12389,0.04387,0.16943,0.03263,13,18
2019-05-01,test,4479,0.29739,0.32643,0.02904,-0.00046,0.04094,0.73225,0.23912,0.02904,0.29088,0.07195,14,20
2019-06-01,test,5004,0.25500,0.32098,0.06598,0.03607,0.06598,0.74820,0.21003,0.06598,0.32692,0.05668,13,19
2019-07-01,test,4312,0.35135,0.34195,-0.00939,-0.03809,0.03234,0.68956,0.11920,0.00939,0.19254,0.02847,13,21
2019-08-01,test,4033,0.32358,0.34921,0.02563,-0.00244,0.03697,0.70930,0.12968,0.02563,0.16023,0.02450,12,17
2019-09-01,test,4140,0.30072,0.34309,0.04237,0.01384,0.04489,0.71830,0.14879,0.04237,0.18789,0.03294,12,18
2019-10-01,test,3981,0.33785,0.34695,0.00910,-0.01923,0.02939,0.70817,0.13564,0.00910,0.16604,0.03121,13,17
2019-11-01,test,4414,0.29724,0.34481,0.04757,0.01909,0.04778,0.72920,0.14930,0.04757,0.17291,0.03240,11,17
2019-12-01,test,4428,0.28884,0.34810,0.05926,0.03126,0.06042,0.72455,0.16238,0.05926,0.15160,0.02959,11,17
2020-01-01,drift_study,3851,0.34770,0.35474,0.00704,-0.02054,0.01765,0.68809,0.12153,0.00704,0.14126,0.02873,11,17
2020-02-01,drift_study,4130,0.35908,0.34325,-0.01583,-0.04437,0.02275,0.67807,0.14358,0.01583,0.18386,0.03428,11,18
2020-03-01,drift_study,4487,0.44306,0.33740,-0.10566,-0.13490,0.10566,0.62624,0.17450,0.10566,0.21799,0.04774,11,17
2020-04-01,drift_study,12370,0.70994,0.28343,-0.42652,-0.46034,0.42652,0.48748,0.57130,0.42652,0.67609,0.52233,37,43
2020-05-01,drift_study,16030,0.71641,0.45288,-0.26353,-0.27764,0.26401,0.64095,0.28241,0.26353,0.25946,0.36959,35,44
2020-06-01,drift_study,15035,0.65474,0.60185,-0.05289,-0.05164,0.10682,0.64796,0.09544,0.05289,0.82138,0.33819,35,43
2020-07-01,drift_study,9271,0.61428,0.54872,-0.06556,-0.07056,0.07045,0.71540,0.09880,0.06556,0.44428,0.25009,29,41
2020-08-01,drift_study,6533,0.53069,0.46461,-0.06608,-0.08091,0.06689,0.69355,0.13195,0.06608,0.08992,0.10871,14,33
2020-09-01,drift_study,5667,0.48544,0.42930,-0.05615,-0.07478,0.05615,0.71426,0.13093,0.05615,0.03788,0.08452,11,25
2020-10-01,drift_study,5015,0.48136,0.41532,-0.06603,-0.08615,0.06603,0.71898,0.13500,0.06603,0.06119,0.08016,12,23
2020-11-01,drift_study,4890,0.43190,0.39884,-0.03306,-0.05490,0.04002,0.72008,0.15317,0.03306,0.05570,0.06522,12,20
2020-12-01,drift_study,4529,0.42923,0.39329,-0.03594,-0.05821,0.03935,0.71184,0.16030,0.03594,0.06042,0.06740,12,21
2021-01-01,drift_study,4152,0.43497,0.41005,-0.02493,-0.04560,0.03580,0.71850,0.14162,0.02493,0.02867,0.05563,12,19
2021-02-01,drift_study,4451,0.33902,0.40054,0.06152,0.03977,0.06717,0.76071,0.16693,0.06152,0.04291,0.05111,11,19
2021-03-01,drift_study,3066,0.42792,0.43093,0.00301,-0.01531,0.02576,0.74176,0.12981,0.00301,0.02448,0.06407,12,21
2021-04-01,drift_study,2851,0.42862,0.41458,-0.01404,-0.03406,0.02998,0.74692,0.14697,0.01404,0.03668,0.06348,11,21
2021-05-01,drift_study,3065,0.35139,0.38409,0.03270,0.00949,0.03879,0.75380,0.14780,0.03270,0.07446,0.06505,12,19
2021-06-01,drift_study,2855,0.36217,0.37055,0.00838,-0.01616,0.01339,0.73473,0.14221,0.00838,0.11434,0.05677,13,19
2021-07-01,drift_study,2702,0.36788,0.36288,-0.00500,-0.03013,0.02230,0.74268,0.15211,0.00500,0.13822,0.05285,13,17
2021-08-01,drift_study,2608,0.39225,0.35926,-0.03300,-0.05831,0.03349,0.75116,0.15222,0.03300,0.16316,0.05327,13,17
2021-09-01,drift_study,2697,0.38079,0.35090,-0.02989,-0.05537,0.03342,0.73745,0.17464,0.02989,0.19741,0.05759,11,17
2021-10-01,drift_study,2907,0.35501,0.35393,-0.00108,-0.02667,0.04066,0.77634,0.16821,0.00108,0.19638,0.06339,12,18
2021-11-01,drift_study,2844,0.35724,0.35811,0.00087,-0.02367,0.02546,0.74863,0.17159,0.00087,0.20490,0.05775,13,18
2021-12-01,drift_study,2734,0.36138,0.35510,-0.00627,-0.03138,0.02886,0.72916,0.18727,0.00627,0.19737,0.07017,13,20
