feature,family,window_end,kind,null_rate_train,null_rate_valid,auc_train,auc_valid,auc_rank
dq_bucket,B_current,T+0,numeric,0.0000,0.0000,0.6306,0.6578,1
max_bucket_last_3,C_trajectory,T-1,numeric,0.0006,0.0008,0.6317,0.6516,2
bucket_lag_1,C_trajectory,T-1,numeric,0.0006,0.0008,0.6227,0.6503,3
max_bucket_last_6,C_trajectory,T-1,numeric,0.0006,0.0008,0.6316,0.6450,4
mean_bucket_last_3,C_trajectory,T-1,numeric,0.0006,0.0008,0.6097,0.6433,5
max_bucket_last_12,C_trajectory,T-1,numeric,0.0006,0.0008,0.6265,0.6415,6
max_bucket_before_t,C_trajectory,T-1,numeric,0.0006,0.0008,0.5968,0.6412,7
delinquency_velocity_3m,C_trajectory,T+0,numeric,0.0150,0.0338,0.6213,0.6407,8
n_roll_events_last_6,C_trajectory,T-1,numeric,0.0080,0.0185,0.6275,0.6392,9
mean_bucket_last_6,C_trajectory,T-1,numeric,0.0006,0.0008,0.6062,0.6366,10
months_since_last_current,C_trajectory,T-1,numeric,0.0010,0.0008,0.6074,0.6363,11
current_run_length,C_trajectory,T+0,numeric,0.0000,0.0000,0.6074,0.6361,12
upb_change_pct_3,C_trajectory,T+0,numeric,0.0150,0.0338,0.6275,0.6326,13
months_delinquent_last_3,C_trajectory,T-1,numeric,0.0006,0.0008,0.5860,0.6286,14
n_roll_events_last_12,C_trajectory,T-1,numeric,0.0080,0.0185,0.6043,0.6271,15
mean_bucket_last_12,C_trajectory,T-1,numeric,0.0006,0.0008,0.5914,0.6247,16
months_since_first_delinquency,C_trajectory,T-1,numeric,0.1379,0.4102,0.5813,0.6242,17
months_delinquent_last_6,C_trajectory,T-1,numeric,0.0006,0.0008,0.5793,0.6186,18
longest_delinquent_run_before_t,C_trajectory,T-1,numeric,0.1379,0.4102,0.5610,0.6165,19
months_delinquent_last_12,C_trajectory,T-1,numeric,0.0006,0.0008,0.5728,0.6125,20
upb_change_pct_6,C_trajectory,T+0,numeric,0.0357,0.0735,0.6138,0.6050,21
times_entered_delinquency_before_t,C_trajectory,T-1,numeric,0.0006,0.0008,0.5648,0.6048,22
bucket_lag_2,C_trajectory,T-2,numeric,0.0080,0.0185,0.5697,0.5850,23
upb_change_pct_12,C_trajectory,T+0,numeric,0.0901,0.1661,0.5968,0.5763,24
borrower_assistance_status,B_current,T+0,categorical,0.9905,0.9006,0.5015,0.5673,25
house_price_index,D_macro,T-5,numeric,0.0092,0.0098,0.5289,0.5607,26
orig_cltv,A_static,static,numeric,0.0000,0.0001,0.5376,0.5498,27
orig_interest_rate,A_static,static,numeric,0.0000,0.0000,0.5368,0.5458,28
orig_ltv,A_static,static,numeric,0.0000,0.0001,0.5349,0.5455,29
ever_forbearance_before_t,C_trajectory,T-1,numeric,0.9801,0.9170,0.5013,0.5439,30
months_observed_last_12,C_trajectory,T-1,numeric,0.0000,0.0000,0.5182,0.5319,31
unemployment_rate_chg_12m,D_macro,T-2,numeric,0.0004,0.0005,0.5533,0.5296,32
num_borrowers,A_static,static,numeric,0.0001,0.0000,0.5200,0.5282,33
property_state,A_static,static,categorical,0.0000,0.0000,0.5452,0.5272,34
channel,A_static,static,categorical,0.0000,0.0000,0.5126,0.5258,35
bucket_lag_3,C_trajectory,T-3,numeric,0.0150,0.0338,0.5418,0.5233,36
remaining_months_to_maturity,B_current,T+0,numeric,0.0000,0.0000,0.5682,0.5221,37
mi_pct,A_static,static,numeric,0.0001,0.0000,0.5159,0.5200,38
current_interest_rate,B_current,T+0,numeric,0.0000,0.0000,0.5285,0.5191,39
n_cure_events_last_6,C_trajectory,T-1,numeric,0.0078,0.0185,0.5136,0.5122,40
n_cure_events_last_12,C_trajectory,T-1,numeric,0.0078,0.0185,0.5209,0.5110,41
orig_loan_term,A_static,static,numeric,0.0000,0.0000,0.5307,0.5106,42
msa,A_static,static,categorical,0.2450,0.1871,0.5568,0.5097,43
first_time_homebuyer,A_static,static,categorical,0.0006,0.0002,0.5069,0.5080,44
orig_dti,A_static,static,numeric,0.0608,0.2613,0.5302,0.5077,45
property_type,A_static,static,categorical,0.0001,0.0000,0.5122,0.5075,46
upb_to_orig_upb,B_current,T+0,numeric,0.0000,0.0000,0.5574,0.5051,47
modification_flag,B_current,T+0,categorical,0.8939,0.9938,0.5164,0.5031,48
step_modification_flag,B_current,T+0,categorical,0.8939,0.9938,0.5168,0.5031,49
ever_modified_before_t,C_trajectory,T-1,numeric,0.0006,0.0008,0.5161,0.5029,50
loan_age,B_current,T+0,numeric,0.0000,0.0000,0.5376,0.5026,51
rate_change_since_orig,B_current,T+0,numeric,0.0000,0.0000,0.5094,0.5009,52
payment_deferral_flag,B_current,T+0,categorical,1.0000,0.9972,0.5000,0.5004,53
num_units,A_static,static,numeric,0.0000,0.0000,0.5011,0.5004,54
ever_payment_deferral_before_t,C_trajectory,T-1,numeric,0.0006,0.0008,0.5000,0.5000,55
ever_disaster_before_t,C_trajectory,T-1,numeric,0.9993,0.9437,0.5000,0.5000,56
eltv,B_current,T+0,numeric,1.0000,0.6040,0.5000,0.5000,57
current_deferred_upb,B_current,T+0,numeric,0.0000,0.0000,0.5016,0.4992,58
occupancy_status,A_static,static,categorical,0.0000,0.0000,0.5008,0.4986,59
unemployment_rate_chg_3m,D_macro,T-2,numeric,0.0004,0.0005,0.5403,0.4968,60
unemployment_rate,D_macro,T-2,numeric,0.0004,0.0005,0.5623,0.4942,61
credit_score,A_static,static,numeric,0.0024,0.0007,0.5122,0.4940,62
mortgage_rate_30y_chg_3m,D_macro,T-1,numeric,0.0000,0.0000,0.5490,0.4910,63
mortgage_rate_30y_chg_12m,D_macro,T-1,numeric,0.0000,0.0000,0.5534,0.4855,64
loan_purpose,A_static,static,categorical,0.0000,0.0000,0.5176,0.4848,65
mortgage_rate_30y,D_macro,T-1,numeric,0.0000,0.0000,0.5665,0.4837,66
house_price_index_chg_3m,D_macro,T-5,numeric,0.0092,0.0098,0.5662,0.4763,67
current_upb,B_current,T+0,numeric,0.0000,0.0000,0.5477,0.4761,68
orig_upb,A_static,static,numeric,0.0000,0.0000,0.5424,0.4706,69
house_price_index_chg_12m,D_macro,T-5,numeric,0.0092,0.0098,0.5806,0.4663,70
delinquency_due_to_disaster,B_current,T+0,categorical,0.9995,0.9177,0.5000,0.4433,71
