feature,gain,splits,gain_share
delinquency_velocity_3m,523288.68514,512,0.20152
max_bucket_last_6,252218.99406,176,0.09713
upb_change_pct_3,225269.98110,1538,0.08675
property_state,214717.81445,8255,0.08269
max_bucket_last_12,186130.75019,324,0.07168
dq_bucket,175631.06173,794,0.06764
house_price_index_chg_12m,95846.17839,1355,0.03691
n_roll_events_last_6,50050.18623,327,0.01927
upb_change_pct_6,47399.49658,1316,0.01825
months_since_first_delinquency,45562.93827,1496,0.01755
mean_bucket_last_12,42366.98279,747,0.01632
times_entered_delinquency_before_t,41578.31505,906,0.01601
credit_score,40243.03893,2275,0.01550
orig_cltv,39097.66131,1285,0.01506
unemployment_rate_chg_12m,33788.83283,1155,0.01301
orig_dti,30156.30342,1738,0.01161
upb_to_orig_upb,29514.22185,1169,0.01137
n_roll_events_last_12,29124.09062,415,0.01122
loan_age,28222.70716,1157,0.01087
upb_change_pct_12,27494.85879,1211,0.01059
orig_upb,27376.24394,1366,0.01054
remaining_months_to_maturity,25828.28169,1218,0.00995
max_bucket_last_3,24760.61017,169,0.00954
current_upb,24213.12660,1188,0.00932
orig_interest_rate,22937.64452,1060,0.00883
unemployment_rate,22720.63725,957,0.00875
months_delinquent_last_12,21911.66167,416,0.00844
house_price_index_chg_3m,21862.90522,1069,0.00842
bucket_lag_1,20714.99412,293,0.00798
months_since_last_current,19606.39376,434,0.00755
current_interest_rate,18990.65263,922,0.00731
longest_delinquent_run_before_t,18941.99705,858,0.00729
unemployment_rate_chg_3m,18338.90137,765,0.00706
max_bucket_before_t,18316.08521,444,0.00705
orig_ltv,18159.29164,811,0.00699
current_run_length,14421.47348,170,0.00555
mean_bucket_last_6,12771.92236,368,0.00492
months_delinquent_last_3,11811.08259,194,0.00455
num_borrowers,8040.66200,200,0.00310
months_delinquent_last_6,7379.46730,238,0.00284
bucket_lag_2,6620.30815,201,0.00255
n_cure_events_last_12,6545.41546,299,0.00252
mean_bucket_last_3,6283.55349,244,0.00242
channel,6278.88695,322,0.00242
loan_purpose,6096.46097,363,0.00235
rate_change_since_orig,3905.50628,236,0.00150
n_cure_events_last_6,3469.93476,194,0.00134
property_type,3296.53217,185,0.00127
mi_pct,3201.71957,196,0.00123
months_observed_last_12,3174.75304,75,0.00122
modification_flag,2810.88685,95,0.00108
bucket_lag_3,2102.57580,108,0.00081
occupancy_status,1694.75692,109,0.00065
current_deferred_upb,1178.52942,84,0.00045
orig_loan_term,980.75788,63,0.00038
ever_modified_before_t,871.26990,42,0.00034
num_units,763.90072,52,0.00029
first_time_homebuyer,653.14822,47,0.00025
